"","mean","median","sd","max","min"
"diplodus",35388.9078430345,23751,34996.9143024498,459616,5000
"mullus",30716.8684498214,20930,29189.8335674228,384550,5002
"serran",28239.7585528699,19084,27013.2843728281,403508,733
